{"stats":{"minecraft:dropped":{"minecraft:wheat_seeds":1,"minecraft:orange_dye":3,"minecraft:golden_helmet":1,"minecraft:cyan_dye":3,"minecraft:stripped_birch_wood":1,"minecraft:barrier":2,"minecraft:cobblestone":1,"minecraft:command_block":3,"minecraft:golden_apple":1,"minecraft:stone_button":1,"minecraft:repeater":1,"minecraft:black_concrete":1,"minecraft:flint_and_steel":1,"minecraft:leather_chestplate":1,"minecraft:cobblestone_slab":1,"minecraft:spruce_planks":1,"minecraft:leather_boots":1,"minecraft:leather_leggings":1},"minecraft:mined":{"minecraft:gold_block":7,"minecraft:iron_block":8,"minecraft:stone":131,"minecraft:clay":136,"minecraft:sand":214},"minecraft:killed_by":{"minecraft:zombie":4},"minecraft:used":{"minecraft:oak_fence":141,"minecraft:oak_trapdoor":4,"minecraft:petrified_oak_slab":3,"minecraft:iron_bars":87,"minecraft:light_gray_stained_glass_pane":13,"minecraft:dead_bush":8,"minecraft:iron_shovel":350,"minecraft:stone_sword":183,"minecraft:orange_concrete":10,"minecraft:flint_and_steel":5,"minecraft:dispenser":1,"minecraft:smooth_quartz_slab":472,"minecraft:red_concrete":10,"minecraft:armor_stand":31,"minecraft:spruce_slab":53,"minecraft:redstone":192,"minecraft:ladder":55,"minecraft:elytra":1,"minecraft:oak_sign":60,"minecraft:spruce_planks":1389,"minecraft:green_banner":9,"minecraft:chest":1,"minecraft:stone":169,"minecraft:purple_shulker_box":1,"minecraft:white_shulker_box":10,"minecraft:wooden_shovel":6,"minecraft:quartz_stairs":13,"minecraft:stripped_birch_wood":534,"minecraft:grass":33,"minecraft:player_head":5,"minecraft:structure_block":1,"minecraft:spruce_leaves":12,"minecraft:torch":61,"minecraft:anvil":1,"minecraft:dirt":1303,"minecraft:spyglass":4,"minecraft:target":62,"minecraft:hopper":7,"minecraft:carrot":6,"minecraft:spruce_stairs":243,"minecraft:chainmail_chestplate":4,"minecraft:cobblestone_wall":76,"minecraft:stone_stairs":90,"minecraft:orange_wool":18,"minecraft:shulker_box":1,"minecraft:spruce_fence":62,"minecraft:granite":26,"minecraft:snowball":382,"minecraft:stripped_spruce_log":16,"minecraft:milk_bucket":4,"minecraft:fern":14,"minecraft:glass":110,"minecraft:stone_brick_slab":61,"minecraft:stripped_dark_oak_wood":7,"minecraft:lava_bucket":18,"minecraft:quartz_slab":20,"minecraft:bricks":293,"minecraft:light_gray_stained_glass":242,"minecraft:red_tulip":1,"minecraft:quartz_pillar":63,"minecraft:grass_block":1421,"minecraft:music_disc_pigstep":1,"minecraft:iron_block":33,"minecraft:red_wool":57,"minecraft:lantern":5,"minecraft:light_weighted_pressure_plate":38,"minecraft:oak_stairs":49,"minecraft:smooth_sandstone":3,"minecraft:quartz_block":1,"minecraft:polished_andesite_stairs":25,"minecraft:green_wool":113,"minecraft:chicken_spawn_egg":5,"minecraft:dark_oak_slab":128,"minecraft:smooth_quartz":877,"minecraft:stone_brick_stairs":411,"minecraft:barrel":12,"minecraft:stone_bricks":2417,"minecraft:music_disc_stal":1,"minecraft:yellow_concrete_powder":94,"minecraft:bedrock":9,"minecraft:repeater":528,"minecraft:tripwire_hook":23,"minecraft:birch_trapdoor":4,"minecraft:snow":11,"minecraft:redstone_lamp":275,"minecraft:brown_carpet":11,"minecraft:lime_concrete":22,"minecraft:bow":37,"minecraft:tall_grass":4,"minecraft:emerald_block":2,"minecraft:written_book":6,"minecraft:iron_trapdoor":1,"minecraft:lime_stained_glass":10,"minecraft:podzol":16,"minecraft:gold_block":54,"minecraft:acacia_wood":3,"minecraft:egg":1,"minecraft:stone_pressure_plate":22,"minecraft:observer":20,"minecraft:brown_bed":7,"minecraft:stripped_spruce_wood":1055,"minecraft:water_bucket":66,"minecraft:mossy_stone_bricks":1,"minecraft:diorite":1,"minecraft:end_rod":12,"minecraft:jigsaw":2,"minecraft:cobblestone_stairs":127,"minecraft:dirt_path":34,"minecraft:dropper":1,"minecraft:birch_planks":1044,"minecraft:birch_leaves":4,"minecraft:gray_carpet":2,"minecraft:polished_andesite":1165,"minecraft:dark_oak_sign":8,"minecraft:lime_wool":37,"minecraft:oak_planks":618,"minecraft:orange_tulip":2,"minecraft:sandstone":439,"minecraft:redstone_block":193,"minecraft:cauldron":4,"minecraft:clay":14,"minecraft:glow_ink_sac":5,"minecraft:cobblestone_slab":49,"minecraft:smooth_quartz_stairs":143,"minecraft:cracked_stone_bricks":1,"minecraft:oak_leaves":542,"minecraft:white_wool":4,"minecraft:golden_apple":1,"minecraft:mossy_cobblestone":11,"minecraft:dark_oak_trapdoor":11,"minecraft:sand":20,"minecraft:lime_terracotta":6,"minecraft:comparator":11,"minecraft:light_blue_concrete":3,"minecraft:tnt":36,"minecraft:crafting_table":13,"minecraft:loom":1,"minecraft:crimson_trapdoor":1,"minecraft:black_banner":1,"minecraft:yellow_stained_glass_pane":8,"minecraft:yellow_concrete":15,"minecraft:campfire":4,"minecraft:dark_oak_fence_gate":5,"minecraft:chiseled_quartz_block":5,"minecraft:lime_shulker_box":5,"minecraft:stone_brick_wall":18,"minecraft:painting":8,"minecraft:redstone_torch":11,"minecraft:oak_log":352,"minecraft:piston":16,"minecraft:lever":41,"minecraft:light":30,"minecraft:black_concrete":210,"minecraft:birch_fence_gate":1,"minecraft:command_block":514,"minecraft:light_gray_concrete":9,"minecraft:iron_pickaxe":146,"minecraft:barrier":1229,"minecraft:oak_button":2,"minecraft:string":121,"minecraft:stone_button":55,"minecraft:spruce_pressure_plate":1,"minecraft:stone_slab":21,"minecraft:polished_granite":4,"minecraft:spruce_trapdoor":30,"minecraft:oak_pressure_plate":43,"minecraft:iron_door":43,"minecraft:gravel":25,"minecraft:flowering_azalea_leaves":9,"minecraft:polished_andesite_slab":20,"minecraft:yellow_wool":83,"minecraft:golden_helmet":2,"minecraft:chiseled_stone_bricks":3,"minecraft:fishing_rod":23,"minecraft:diamond_sword":4,"minecraft:cobblestone":1175,"minecraft:potion":3,"minecraft:azalea_leaves":54,"minecraft:acacia_pressure_plate":1,"minecraft:stripped_oak_wood":105,"minecraft:andesite":399,"minecraft:bucket":1,"minecraft:pink_shulker_box":1,"minecraft:white_stained_glass":17,"minecraft:chain_command_block":1,"minecraft:birch_log":6,"minecraft:chain":1,"minecraft:ice":8,"minecraft:repeating_command_block":14,"minecraft:oak_boat":9,"minecraft:polished_blackstone_button":1,"minecraft:stripped_oak_log":1,"minecraft:white_concrete":27,"minecraft:coarse_dirt":316,"minecraft:gray_wool":55,"minecraft:bone_meal":54,"minecraft:smooth_stone":225,"minecraft:jukebox":1,"minecraft:splash_potion":17,"minecraft:cobweb":5,"minecraft:chainmail_leggings":4,"minecraft:green_stained_glass":1},"minecraft:killed":{"minecraft:vex":1,"minecraft:chicken":4,"minecraft:zombie":6,"minecraft:wither_skeleton":1},"minecraft:custom":{"minecraft:inspect_dropper":24,"minecraft:mob_kills":12,"minecraft:interact_with_anvil":4,"minecraft:inspect_hopper":100,"minecraft:interact_with_crafting_table":2,"minecraft:open_barrel":93,"minecraft:fill_cauldron":4,"minecraft:open_shulker_box":18,"minecraft:leave_game":81,"minecraft:time_since_death":12301,"minecraft:climb_one_cm":5206,"minecraft:sprint_one_cm":1418915,"minecraft:walk_one_cm":1181243,"minecraft:drop":25,"minecraft:damage_dealt_absorbed":8772,"minecraft:target_hit":261,"minecraft:play_time":3251100,"minecraft:deaths":5,"minecraft:sneak_time":51770,"minecraft:jump":3862,"minecraft:walk_on_water_one_cm":1541,"minecraft:total_world_time":871057,"minecraft:play_record":2,"minecraft:interact_with_loom":1,"minecraft:time_since_rest":12325,"minecraft:damage_taken":910,"minecraft:damage_absorbed":40,"minecraft:damage_dealt":2163,"minecraft:fly_one_cm":8642568,"minecraft:open_chest":2,"minecraft:crouch_one_cm":155007,"minecraft:aviate_one_cm":61608,"minecraft:fall_one_cm":15480},"minecraft:crafted":{"minecraft:leather_leggings":1,"minecraft:leather_boots":1,"minecraft:shield":1,"minecraft:leather_chestplate":1},"minecraft:picked_up":{"minecraft:chicken":10,"minecraft:clay_ball":544,"minecraft:leather_leggings":1,"minecraft:gold_block":7,"minecraft:pink_shulker_box":1,"minecraft:comparator":1,"minecraft:light_weighted_pressure_plate":1,"minecraft:beef":9,"minecraft:redstone_torch":3,"minecraft:cobblestone_slab":1,"minecraft:lime_shulker_box":3,"minecraft:golden_helmet":1,"minecraft:orange_dye":3,"minecraft:torch":3,"minecraft:porkchop":9,"minecraft:stone_button":4,"minecraft:music_disc_pigstep":1,"minecraft:redstone":7,"minecraft:yellow_concrete_powder":3,"minecraft:brown_carpet":1,"minecraft:stone_sword":2,"minecraft:arrow":12,"minecraft:command_block":66,"minecraft:iron_block":6,"minecraft:white_shulker_box":7,"minecraft:mutton":5,"minecraft:snowball":21,"minecraft:white_wool":3,"minecraft:cobblestone":131,"minecraft:leather_chestplate":1,"minecraft:feather":12,"minecraft:repeater":14,"minecraft:tripwire_hook":64,"minecraft:leather":3,"minecraft:music_disc_stal":1,"minecraft:chainmail_chestplate":3,"minecraft:dirt":64,"minecraft:paper":154,"minecraft:lantern":2,"minecraft:leather_boots":1,"minecraft:bow":2,"minecraft:wheat_seeds":1,"minecraft:dandelion":1,"minecraft:oak_pressure_plate":3,"minecraft:sand":210,"minecraft:shulker_box":1,"minecraft:chainmail_leggings":3,"minecraft:golden_apple":1,"minecraft:cyan_dye":3,"minecraft:chorus_fruit":709}},"DataVersion":3337}