{"stats":{"minecraft:picked_up":{"minecraft:lingering_potion":9,"minecraft:iron_chestplate":1,"minecraft:coarse_dirt":7,"minecraft:leather_leggings":1,"minecraft:magenta_carpet":1,"minecraft:diamond_sword":1,"minecraft:wither_rose":1,"minecraft:heavy_weighted_pressure_plate":1,"minecraft:string":5,"minecraft:wooden_sword":3,"minecraft:armor_stand":1,"minecraft:oak_sign":7,"minecraft:creeper_banner_pattern":1,"minecraft:redstone_torch":2,"minecraft:player_head":1,"minecraft:flower_banner_pattern":1,"minecraft:tipped_arrow":3,"minecraft:mojang_banner_pattern":1,"minecraft:stick":1,"minecraft:stone":2,"minecraft:jukebox":1,"minecraft:torch":3,"minecraft:note_block":3,"minecraft:fire_charge":47,"minecraft:stone_button":11,"minecraft:music_disc_pigstep":7,"minecraft:redstone":14,"minecraft:stone_pressure_plate":3,"minecraft:yellow_banner":4,"minecraft:arrow":1486,"minecraft:command_block":7,"minecraft:rotten_flesh":9,"minecraft:cow_spawn_egg":1,"minecraft:stripped_dark_oak_wood":72,"minecraft:mutton":2,"minecraft:white_wool":1,"minecraft:barrier":1,"minecraft:leather_chestplate":1,"minecraft:cooked_beef":63,"minecraft:dark_oak_button":7,"minecraft:repeater":4,"minecraft:tripwire_hook":1,"minecraft:andesite":49,"minecraft:orange_carpet":2,"minecraft:leather":1,"minecraft:skull_banner_pattern":2,"minecraft:oak_log":2,"minecraft:jungle_button":1,"minecraft:dirt":2004,"minecraft:lantern":4,"minecraft:leather_boots":1,"minecraft:bone":4,"minecraft:stone_bricks":2,"minecraft:pink_banner":1,"minecraft:bell":3,"minecraft:stripped_oak_wood":86,"minecraft:oak_planks":2,"minecraft:oak_slab":2,"minecraft:red_wool":1,"minecraft:dandelion":2,"minecraft:oak_pressure_plate":1,"minecraft:green_carpet":5,"minecraft:lever":2,"minecraft:writable_book":1,"minecraft:spruce_sign":1,"minecraft:spruce_button":3,"minecraft:oak_button":1},"minecraft:killed":{"minecraft:spider":3,"minecraft:skeleton":5,"minecraft:llama":1,"minecraft:zombie_villager":9,"minecraft:creeper":2,"minecraft:trader_llama":2,"minecraft:zombie":1,"minecraft:stray":4,"minecraft:villager":12},"minecraft:killed_by":{"minecraft:zombie_villager":4,"minecraft:stray":7},"minecraft:mined":{"minecraft:green_carpet":1,"minecraft:dandelion":1,"minecraft:note_block":3,"minecraft:wither_rose":1,"minecraft:grass":9},"minecraft:custom":{"minecraft:inspect_dropper":3,"minecraft:mob_kills":39,"minecraft:inspect_hopper":10,"minecraft:interact_with_crafting_table":3,"minecraft:open_barrel":8,"minecraft:leave_game":36,"minecraft:time_since_death":21954,"minecraft:climb_one_cm":1691,"minecraft:sprint_one_cm":390039,"minecraft:walk_one_cm":1396536,"minecraft:drop":38,"minecraft:play_noteblock":66,"minecraft:talked_to_villager":18,"minecraft:deaths":22,"minecraft:sneak_time":163596,"minecraft:jump":3955,"minecraft:walk_on_water_one_cm":1659,"minecraft:play_record":3,"minecraft:tune_noteblock":355,"minecraft:play_one_minute":2072120,"minecraft:interact_with_loom":1,"minecraft:pot_flower":2,"minecraft:time_since_rest":21979,"minecraft:open_enderchest":1,"minecraft:damage_taken":7362,"minecraft:damage_absorbed":120,"minecraft:damage_dealt":8179,"minecraft:fly_one_cm":3354590,"minecraft:open_chest":39,"minecraft:crouch_one_cm":458915,"minecraft:fall_one_cm":15012,"minecraft:inspect_dispenser":28},"minecraft:used":{"minecraft:oak_fence":7,"minecraft:jack_o_lantern":4,"minecraft:writable_book":1,"minecraft:trader_llama_spawn_egg":3,"minecraft:crimson_fence":51,"minecraft:dispenser":68,"minecraft:redstone_ore":4,"minecraft:armor_stand":5,"minecraft:spruce_slab":12,"minecraft:redstone":405,"minecraft:zombie_villager_spawn_egg":58,"minecraft:ladder":21,"minecraft:oak_sign":221,"minecraft:black_carpet":20,"minecraft:spruce_planks":13,"minecraft:chest":6,"minecraft:ender_chest":1,"minecraft:stone":283,"minecraft:zombie_spawn_egg":2,"minecraft:bell":1,"minecraft:grass":131,"minecraft:player_head":10,"minecraft:rotten_flesh":2,"minecraft:torch":118,"minecraft:spruce_leaves":77,"minecraft:dirt":159,"minecraft:warped_wart_block":225,"minecraft:anvil":28,"minecraft:skeleton_spawn_egg":3,"minecraft:hopper":13,"minecraft:spruce_stairs":74,"minecraft:crimson_hyphae":522,"minecraft:cobblestone_wall":19,"minecraft:yellow_carpet":23,"minecraft:nether_brick_slab":3,"minecraft:oak_wood":307,"minecraft:acacia_button":1,"minecraft:spruce_fence":19,"minecraft:warped_pressure_plate":1,"minecraft:light_blue_stained_glass":5,"minecraft:stripped_spruce_log":2,"minecraft:obsidian":14,"minecraft:purple_stained_glass_pane":16,"minecraft:red_sandstone_stairs":3,"minecraft:andesite_wall":4,"minecraft:glass":50,"minecraft:stone_brick_slab":72,"minecraft:sea_lantern":314,"minecraft:lava_bucket":4,"minecraft:stripped_dark_oak_wood":394,"minecraft:warped_hyphae":18,"minecraft:music_disc_pigstep":3,"minecraft:grass_block":361,"minecraft:red_wool":87,"minecraft:spruce_wood":468,"minecraft:lantern":44,"minecraft:light_weighted_pressure_plate":1,"minecraft:quartz_block":51,"minecraft:spruce_button":9,"minecraft:polished_andesite_stairs":11,"minecraft:green_wool":3,"minecraft:dark_oak_wood":145,"minecraft:dark_oak_slab":1,"minecraft:dark_oak_button":24,"minecraft:crimson_planks":2419,"minecraft:stone_brick_stairs":359,"minecraft:barrel":3,"minecraft:stone_bricks":169,"minecraft:item_frame":6,"minecraft:repeater":552,"minecraft:golden_sword":6,"minecraft:birch_button":1,"minecraft:tripwire_hook":5,"minecraft:glowstone":156,"minecraft:red_carpet":92,"minecraft:magma_block":29,"minecraft:bow":1,"minecraft:black_stained_glass":6,"minecraft:tall_grass":3,"minecraft:jungle_button":1,"minecraft:dark_oak_pressure_plate":1,"minecraft:cooked_cod":1,"minecraft:podzol":49,"minecraft:drowned_spawn_egg":23,"minecraft:gold_block":12,"minecraft:acacia_wood":141,"minecraft:skeleton_skull":1,"minecraft:stone_pressure_plate":37,"minecraft:cooked_beef":2,"minecraft:observer":13,"minecraft:dark_prismarine_stairs":81,"minecraft:stripped_spruce_wood":204,"minecraft:horn_coral_fan":4,"minecraft:damaged_anvil":1,"minecraft:water_bucket":6,"minecraft:dark_oak_stairs":3,"minecraft:yellow_banner":8,"minecraft:warped_stem":38,"minecraft:end_rod":59,"minecraft:cow_spawn_egg":4,"minecraft:spruce_door":1,"minecraft:dropper":13,"minecraft:stripped_acacia_log":3,"minecraft:stripped_birch_log":25,"minecraft:gray_carpet":2,"minecraft:polished_andesite":150,"minecraft:prismarine":14,"minecraft:oak_planks":227,"minecraft:pink_banner":3,"minecraft:brown_mushroom":1,"minecraft:red_mushroom_block":5,"minecraft:redstone_block":31,"minecraft:spruce_sign":23,"minecraft:llama_spawn_egg":1,"minecraft:diamond_axe":10,"minecraft:gold_ore":5,"minecraft:conduit":4,"minecraft:oak_leaves":149,"minecraft:pink_concrete":5,"minecraft:rail":21,"minecraft:golden_apple":3,"minecraft:polished_blackstone_pressure_plate":1,"minecraft:dark_oak_trapdoor":2,"minecraft:orange_carpet":4,"minecraft:yellow_terracotta":14,"minecraft:light_gray_banner":4,"minecraft:sand":19,"minecraft:stripped_dark_oak_log":90,"minecraft:light_blue_concrete":108,"minecraft:oak_slab":102,"minecraft:crafting_table":3,"minecraft:loom":1,"minecraft:dead_fire_coral_block":10,"minecraft:red_mushroom":3,"minecraft:phantom_spawn_egg":56,"minecraft:birch_sign":3,"minecraft:blue_ice":4,"minecraft:campfire":13,"minecraft:fire_coral":2,"minecraft:note_block":39,"minecraft:stone_brick_wall":62,"minecraft:lingering_potion":1,"minecraft:magenta_carpet":1,"minecraft:spruce_log":12,"minecraft:warped_planks":106,"minecraft:dark_oak_door":5,"minecraft:cyan_stained_glass":4,"minecraft:sticky_piston":1,"minecraft:oak_log":203,"minecraft:redstone_torch":45,"minecraft:black_terracotta":18,"minecraft:flower_pot":2,"minecraft:piston":2,"minecraft:dark_prismarine":391,"minecraft:lever":4,"minecraft:black_wool":36,"minecraft:black_concrete":390,"minecraft:warped_trapdoor":7,"minecraft:command_block":331,"minecraft:dead_fire_coral":4,"minecraft:lime_carpet":26,"minecraft:heavy_weighted_pressure_plate":3,"minecraft:barrier":325,"minecraft:brown_stained_glass":1,"minecraft:oak_button":7,"minecraft:warped_slab":3,"minecraft:stone_button":39,"minecraft:spruce_pressure_plate":5,"minecraft:stone_slab":54,"minecraft:red_terracotta":5,"minecraft:magenta_concrete_powder":12,"minecraft:spruce_trapdoor":291,"minecraft:oak_pressure_plate":7,"minecraft:diamond_ore":4,"minecraft:prismarine_wall":19,"minecraft:spruce_sapling":20,"minecraft:polished_andesite_slab":70,"minecraft:magenta_banner":1,"minecraft:stripped_warped_hyphae":143,"minecraft:green_carpet":24,"minecraft:chiseled_stone_bricks":15,"minecraft:diamond_sword":71,"minecraft:smooth_red_sandstone_slab":4,"minecraft:wooden_sword":105,"minecraft:cobblestone":71,"minecraft:orange_banner":3,"minecraft:stripped_crimson_hyphae":3,"minecraft:stripped_oak_wood":725,"minecraft:grindstone":3,"minecraft:dark_oak_fence":2,"minecraft:bubble_coral_block":6,"minecraft:warped_fence_gate":3,"minecraft:white_stained_glass":35,"minecraft:andesite":141,"minecraft:glass_pane":2,"minecraft:smooth_stone_slab":87,"minecraft:wither_rose":6,"minecraft:coarse_dirt":1,"minecraft:purple_carpet":2,"minecraft:bone_meal":266,"minecraft:smooth_stone":434,"minecraft:jukebox":6,"minecraft:splash_potion":315,"minecraft:cobweb":54},"minecraft:dropped":{"minecraft:spruce_sign":1,"minecraft:acacia_wood":1,"minecraft:piston":1,"minecraft:barrier":1,"minecraft:lead":1,"minecraft:flower_banner_pattern":1,"minecraft:creeper_banner_pattern":1,"minecraft:command_block":4,"minecraft:music_disc_pigstep":1,"minecraft:dispenser":1,"minecraft:mojang_banner_pattern":1,"minecraft:repeater":1,"minecraft:wooden_sword":1,"minecraft:stripped_oak_wood":2,"minecraft:redstone":2,"minecraft:player_head":1,"minecraft:coarse_dirt":4,"minecraft:jukebox":1,"minecraft:light_blue_concrete":1,"minecraft:oak_sign":3,"minecraft:birch_fence_gate":1,"minecraft:diamond_sword":1,"minecraft:skull_banner_pattern":2,"minecraft:iron_chestplate":1,"minecraft:stone_bricks":2,"minecraft:bell":1}},"DataVersion":2567}