{"stats":{"minecraft:killed":{"minecraft:skeleton":32,"minecraft:husk":10,"minecraft:wandering_trader":5,"minecraft:creeper":1,"minecraft:trader_llama":8,"minecraft:pillager":4,"minecraft:zombie":62,"minecraft:stray":12,"minecraft:cow":1},"minecraft:custom":{"minecraft:interact_with_smithing_table":1,"minecraft:inspect_dropper":1,"minecraft:mob_kills":135,"minecraft:interact_with_anvil":12,"minecraft:interact_with_crafting_table":24,"minecraft:open_barrel":11,"minecraft:open_shulker_box":5,"minecraft:leave_game":30,"minecraft:time_since_death":37211,"minecraft:climb_one_cm":5730,"minecraft:sprint_one_cm":475617,"minecraft:walk_one_cm":1729886,"minecraft:damage_blocked_by_shield":1120,"minecraft:drop":16,"minecraft:deaths":53,"minecraft:sneak_time":123086,"minecraft:jump":4627,"minecraft:walk_on_water_one_cm":51,"minecraft:tune_noteblock":6,"minecraft:play_one_minute":2104003,"minecraft:interact_with_loom":6,"minecraft:time_since_rest":37286,"minecraft:open_enderchest":25,"minecraft:damage_taken":16370,"minecraft:damage_absorbed":292,"minecraft:damage_dealt":16983,"minecraft:interact_with_beacon":3,"minecraft:fly_one_cm":2551507,"minecraft:open_chest":67,"minecraft:crouch_one_cm":396275,"minecraft:fall_one_cm":18973,"minecraft:inspect_dispenser":2},"minecraft:picked_up":{"minecraft:end_stone_bricks":1,"minecraft:crafting_table":1,"minecraft:iron_chestplate":2,"minecraft:chainmail_boots":7,"minecraft:splash_potion":20,"minecraft:ender_chest":3,"minecraft:light_gray_shulker_box":2,"minecraft:leather_leggings":5,"minecraft:yellow_wool":11,"minecraft:redstone_lamp":12,"minecraft:lead":7,"minecraft:diamond_sword":11,"minecraft:wooden_pickaxe":1,"minecraft:potion":17,"minecraft:gold_block":1,"minecraft:enchanted_book":17,"minecraft:shield":24,"minecraft:globe_banner_pattern":1,"minecraft:iron_leggings":1,"minecraft:zombie_head":1,"minecraft:warped_fence":1,"minecraft:shroomlight":10,"minecraft:creeper_banner_pattern":1,"minecraft:oak_sign":29,"minecraft:diamond_leggings":38,"minecraft:crimson_fence":1,"minecraft:smooth_stone":1,"minecraft:beef":6,"minecraft:redstone_torch":3,"minecraft:flower_banner_pattern":1,"minecraft:player_head":846,"minecraft:chest":3,"minecraft:crimson_sign":1,"minecraft:iron_boots":5,"minecraft:stripped_crimson_hyphae":2,"minecraft:tipped_arrow":19,"minecraft:lime_wool":1,"minecraft:black_stained_glass":2,"minecraft:mojang_banner_pattern":1,"minecraft:orange_dye":64,"minecraft:torch":1,"minecraft:polished_blackstone_bricks":1,"minecraft:crimson_button":3,"minecraft:stone_button":13,"minecraft:warped_button":1,"minecraft:warped_planks":1,"minecraft:carrot":1321,"minecraft:redstone":19,"minecraft:red_nether_brick_wall":2,"minecraft:black_dye":64,"minecraft:tnt":54,"minecraft:zombie_spawn_egg":1,"minecraft:rotten_flesh":94,"minecraft:stone_sword":47,"minecraft:arrow":71,"minecraft:command_block":786,"minecraft:diamond_chestplate":36,"minecraft:nether_bricks":1,"minecraft:polished_basalt":1,"minecraft:diamond_boots":30,"minecraft:netherite_chestplate":15,"minecraft:blaze_rod":13,"minecraft:crimson_slab":1,"minecraft:birch_log":6,"minecraft:netherite_boots":13,"minecraft:barrier":7,"minecraft:leather_chestplate":2,"minecraft:basalt":4,"minecraft:repeater":40,"minecraft:salmon":1,"minecraft:jungle_log":3,"minecraft:leather":15,"minecraft:acacia_wood":6,"minecraft:potato":2,"minecraft:skull_banner_pattern":1,"minecraft:prismarine_bricks":1,"minecraft:netherite_leggings":15,"minecraft:dirt":174,"minecraft:leather_boots":3,"minecraft:bone":68,"minecraft:light_blue_banner":1,"minecraft:apple":2,"minecraft:gray_carpet":24,"minecraft:warped_hyphae":1,"minecraft:creeper_spawn_egg":1,"minecraft:crimson_fence_gate":1,"minecraft:glass_bottle":6,"minecraft:iron_sword":25,"minecraft:oak_planks":1,"minecraft:prismarine_brick_stairs":1,"minecraft:red_wool":1,"minecraft:warped_wart_block":3,"minecraft:lava_bucket":1,"minecraft:dead_fire_coral_block":8,"minecraft:soul_torch":1,"minecraft:grass_block":1,"minecraft:dark_prismarine":2,"minecraft:red_stained_glass":1,"minecraft:black_concrete":2,"minecraft:stone_axe":1,"minecraft:polished_blackstone_pressure_plate":8,"minecraft:soul_lantern":1,"minecraft:lever":1,"minecraft:polished_blackstone_button":25,"minecraft:diamond_axe":9,"minecraft:golden_apple":36,"minecraft:spruce_sign":4,"minecraft:polished_blackstone_brick_wall":1,"minecraft:cyan_dye":3,"minecraft:bread":1,"minecraft:oak_button":3,"minecraft:piglin_banner_pattern":1,"minecraft:red_concrete":1,"minecraft:ender_pearl":1},"minecraft:dropped":{"minecraft:diamond_axe":2,"minecraft:ender_pearl":1,"minecraft:netherite_chestplate":1,"minecraft:barrier":1,"minecraft:command_block":2,"minecraft:grass_block":1,"minecraft:polished_blackstone_pressure_plate":1,"minecraft:polished_basalt":1,"minecraft:black_stained_glass":1,"minecraft:bone":1,"minecraft:netherite_leggings":1,"minecraft:crimson_button":1,"minecraft:end_stone_brick_stairs":1,"minecraft:chest":1},"minecraft:crafted":{"minecraft:leather_leggings":1,"minecraft:leather_boots":1,"minecraft:shield":3,"minecraft:leather_chestplate":1},"minecraft:broken":{"minecraft:iron_boots":1},"minecraft:killed_by":{"minecraft:husk":7,"minecraft:skeleton":2,"minecraft:zombie":3},"minecraft:used":{"minecraft:light_blue_banner":2,"minecraft:nether_brick_fence":7,"minecraft:stone_sword":199,"minecraft:crimson_fence":12,"minecraft:armor_stand":7,"minecraft:polished_blackstone":30,"minecraft:dispenser":2,"minecraft:spruce_slab":27,"minecraft:red_concrete":77,"minecraft:redstone":118,"minecraft:oak_sign":135,"minecraft:ladder":6,"minecraft:polished_basalt":287,"minecraft:black_carpet":5,"minecraft:white_concrete_powder":3,"minecraft:spruce_planks":5,"minecraft:chest":42,"minecraft:shield":36,"minecraft:ender_chest":15,"minecraft:iron_sword":48,"minecraft:zombie_spawn_egg":7,"minecraft:warped_sign":58,"minecraft:bell":1,"minecraft:grass":9,"minecraft:polished_blackstone_wall":2,"minecraft:player_head":1,"minecraft:rotten_flesh":4,"minecraft:soul_campfire":11,"minecraft:anvil":6,"minecraft:torch":6,"minecraft:light_gray_shulker_box":2,"minecraft:dirt":46,"minecraft:red_nether_brick_slab":9,"minecraft:warped_wart_block":321,"minecraft:ancient_debris":157,"minecraft:blue_stained_glass":76,"minecraft:prismarine_bricks":811,"minecraft:nether_bricks":164,"minecraft:spruce_stairs":172,"minecraft:prismarine_brick_stairs":40,"minecraft:crimson_hyphae":125,"minecraft:carrot":26,"minecraft:warped_pressure_plate":1,"minecraft:blue_concrete":229,"minecraft:spruce_fence":4,"minecraft:light_blue_stained_glass":6,"minecraft:nether_brick_stairs":1,"minecraft:polished_diorite":27,"minecraft:fern":6,"minecraft:shroomlight":252,"minecraft:stone_brick_slab":12,"minecraft:crimson_button":7,"minecraft:sea_lantern":89,"minecraft:lava_bucket":112,"minecraft:stripped_dark_oak_wood":6,"minecraft:lime_banner":4,"minecraft:warped_hyphae":326,"minecraft:red_wool":39,"minecraft:lantern":6,"minecraft:grass_block":459,"minecraft:spruce_button":6,"minecraft:warped_fence":16,"minecraft:crimson_slab":45,"minecraft:polished_blackstone_brick_wall":8,"minecraft:warped_nylium":1,"minecraft:polished_blackstone_brick_stairs":10,"minecraft:gray_concrete_powder":13,"minecraft:crimson_planks":7,"minecraft:barrel":40,"minecraft:repeater":232,"minecraft:red_nether_brick_wall":360,"minecraft:red_carpet":18,"minecraft:basalt":157,"minecraft:redstone_lamp":36,"minecraft:magma_block":15,"minecraft:lime_concrete":30,"minecraft:black_stained_glass":269,"minecraft:iron_trapdoor":18,"minecraft:lime_stained_glass":7,"minecraft:furnace":1,"minecraft:gold_block":18,"minecraft:acacia_wood":906,"minecraft:cyan_banner":3,"minecraft:skeleton_skull":3,"minecraft:crimson_pressure_plate":13,"minecraft:stone_pressure_plate":16,"minecraft:end_stone_brick_stairs":5,"minecraft:stripped_spruce_wood":110,"minecraft:crimson_stem":96,"minecraft:water_bucket":1,"minecraft:warped_stem":84,"minecraft:end_rod":6,"minecraft:end_stone_bricks":291,"minecraft:spruce_door":4,"minecraft:dropper":2,"minecraft:red_stained_glass":13,"minecraft:oak_planks":51,"minecraft:gray_carpet":38,"minecraft:prismarine":21,"minecraft:lime_wool":35,"minecraft:red_nether_bricks":84,"minecraft:blue_wool":78,"minecraft:blackstone":43,"minecraft:ender_pearl":1,"minecraft:end_stone_brick_slab":4,"minecraft:spruce_sign":76,"minecraft:clay":29,"minecraft:diamond_axe":64,"minecraft:beacon":5,"minecraft:cobblestone_slab":4,"minecraft:polished_blackstone_bricks":149,"minecraft:oak_leaves":43,"minecraft:white_wool":13,"minecraft:golden_apple":11,"minecraft:polished_blackstone_pressure_plate":55,"minecraft:tnt":10,"minecraft:rail":6,"minecraft:crafting_table":44,"minecraft:vine":9,"minecraft:light_blue_concrete":110,"minecraft:loom":2,"minecraft:crimson_trapdoor":59,"minecraft:dead_fire_coral_block":87,"minecraft:sponge":2,"minecraft:light_gray_concrete_powder":13,"minecraft:purple_terracotta":6,"minecraft:note_block":4,"minecraft:gray_concrete":377,"minecraft:warped_planks":498,"minecraft:crimson_fence_gate":8,"minecraft:cyan_stained_glass":28,"minecraft:creeper_spawn_egg":12,"minecraft:redstone_torch":7,"minecraft:oak_log":35,"minecraft:netherite_block":191,"minecraft:lever":4,"minecraft:dark_prismarine":619,"minecraft:black_wool":30,"minecraft:black_concrete":256,"minecraft:warped_trapdoor":106,"minecraft:crying_obsidian":187,"minecraft:dark_oak_log":51,"minecraft:command_block":400,"minecraft:light_gray_concrete":121,"minecraft:cyan_carpet":3,"minecraft:stone_button":44,"minecraft:barrier":45,"minecraft:oak_button":11,"minecraft:warped_slab":1,"minecraft:cyan_concrete":12,"minecraft:stone_slab":3,"minecraft:spruce_trapdoor":35,"minecraft:prismarine_wall":36,"minecraft:gravel":106,"minecraft:crimson_nylium":202,"minecraft:yellow_wool":317,"minecraft:soul_lantern":2,"minecraft:crimson_sign":58,"minecraft:magenta_banner":2,"minecraft:stripped_warped_hyphae":371,"minecraft:nether_wart_block":219,"minecraft:diamond_sword":15,"minecraft:potion":5,"minecraft:stripped_crimson_hyphae":257,"minecraft:crimson_stairs":61,"minecraft:dark_oak_fence":11,"minecraft:smithing_table":1,"minecraft:white_stained_glass":235,"minecraft:polished_blackstone_button":73,"minecraft:bucket":1,"minecraft:end_portal_frame":1,"minecraft:smooth_stone_slab":55,"minecraft:mossy_cobblestone_wall":3,"minecraft:white_concrete":2,"minecraft:warped_button":3,"minecraft:splash_potion":4,"minecraft:cobweb":9,"minecraft:jukebox":1,"minecraft:smooth_stone":165,"minecraft:soul_torch":11}},"DataVersion":2567}